,orig.ident,nCount_Spatial,nFeature_Spatial,nCount_SCT,nFeature_SCT,CM4,CM1,EndoEC,CM3,FB,EPI,Macrophage,Pericyte/SMC,EC,CM2,CM5,imagerow,imagecol
AAACCGTTCGTCCAGG-1,SeuratProject,52154,7107,35569,6846,0,0.746339832,0,0.006085247,0,0,0,0,0.247574921,0,0,357.4412725,206.7261833
AAACTGCTGGCTCCAA-1,SeuratProject,27469,5936,33607,5921,0,0.329921302,0.646426065,0,0.000132232,0,0,0.012879636,0.000940616,0.005851307,0.003848842,271.0063249,248.5394793
AAAGGCTACGGACCAT-1,SeuratProject,43009,7629,36337,7573,0.010538719,0.061566864,0,0,0.013492804,0,0.914401613,0,0,0,0,316.1480424,146.5545622
AAAGGCTCTCGCGCCG-1,SeuratProject,41253,6855,36040,6832,0.5186502,0.136441166,0,0,0.264927918,0,0.003845726,0.006111208,0.034565477,0.035458305,0,312.6115945,188.5758845
AAATACCTATAAGCAT-1,SeuratProject,32303,6281,33968,6257,0,0.586572725,0.020402803,0.162285169,0,0,0,0.022020876,0.193825528,0,0.014892899,264.1414554,236.5259577
AAATCGTGTACCACAA-1,SeuratProject,31149,6129,33810,6118,0.017886775,0.533608459,0,0,0,0,0,0,0.093977581,0,0.354527185,308.9711334,254.6762565
AACAATACATTGTCGA-1,SeuratProject,1184,619,33212,6794,0.030009825,0.928620645,0,0,0.009606012,0,0,0,0,0.031763518,0,374.8634791,152.6913394
AACCTTTAAATACGGT-1,SeuratProject,46486,6996,35888,6946,0.344942211,0.206739866,0,0.013970004,0,0,0,0,0.017782754,0,0.416565165,267.6779033,194.4526288
AACGATAATGCCGTAG-1,SeuratProject,29604,5247,33930,5238,0,0.951255962,0,0.008637336,0.003556433,0,0,0,0.014470596,0,0.022079673,250.4117164,200.4333863
AACGGCCATCTCCGGT-1,SeuratProject,34106,6004,34477,5976,0.016678564,0.049539186,0,0,0,0.931157646,0,0,0,0.002624604,0,367.6865701,236.7859906
AACGTACTGTGGGTAC-1,SeuratProject,43401,6975,36008,6953,0,0.579685259,0,0,0,0,0,0,0.400576227,0,0.019738514,357.3892659,230.7532265
AACTAGGCTTGGGTGT-1,SeuratProject,41890,7259,36105,7229,0.042842068,0.001358962,0.810904729,0,0.1042885,0,0,0.000907438,0.039698302,0,0,291.8609662,188.5238779
AACTCTCAGTGTGCTC-1,SeuratProject,39491,6855,35948,6835,0.021426714,0.30744436,0,0,0.017457908,0,0,0.107227948,0.253234279,0.293208791,0,360.9257138,200.6934192
AAGACCCAACTGAACA-1,SeuratProject,56251,7739,35964,7317,0.691456956,0.181078637,0,0,0.062586434,0,0.029083225,0,0,0.035794748,0,316.1480424,158.5680838
AAGCATACTCTCCTGA-1,SeuratProject,36220,6373,35372,6360,0,0.610538741,0,0,0,0,0,0,0.131314293,0,0.258146965,264.2454685,200.4853929
AAGCCGCCGTGAAATC-1,SeuratProject,680,298,35348,7012,0.019794591,0.950555176,0,0,0.009280392,0,0,0,0,0.020369841,0,423.229605,128.7683094
AAGCTAGATCGAGTAA-1,SeuratProject,32543,6187,34037,6174,0,0.779001297,0,0,0,0,0,0,0.186490101,0,0.034508602,267.6258967,218.479672
AAGTGAGTCGGGTTTA-1,SeuratProject,37379,6458,35652,6440,0.002583794,0.673136223,0,0.073966261,0.016334768,0,0.041168878,0,0.17010532,0.022704757,0,336.8986706,146.6065688
AATAACACTAGAACAA-1,SeuratProject,62941,7917,35685,6930,0,0.560321414,0,0.010068207,0,0,0,0,0.41789217,0,0.011718209,371.223018,206.7781899
AATAGAACAGAGTGGC-1,SeuratProject,45798,7262,36069,7211,0.326600591,0.140251444,0,0,0.464148444,0,0.057414957,0,0,0.011584564,0,343.6075203,206.6741767
AATAGTCCGTCCCGAC-1,SeuratProject,42081,7183,36192,7162,0.397915335,0.125533403,0,0,0.35990548,0,0.057816856,0,0,0.058828926,0,305.746725,176.5623629
AATTAAAGGTCGGCGT-1,SeuratProject,28157,5424,33873,5421,0,0.979661989,0,0,0,0,0,0,0.013481912,0,0.006856099,329.6177484,278.7553063
AATTAACGGATTTCCA-1,SeuratProject,55060,7219,35673,6787,0.323370815,0.58602941,0,0,0.081514717,0,0,0,0,0.005787654,0.003297405,274.6467859,170.4775922
AATTAGCGCTGCAGCG-1,SeuratProject,46659,7228,35979,7176,0.260216745,0.294639974,0,0.010114454,0.003235874,0,0,0,0.003406528,0,0.428386425,284.8920836,212.5509211
AATTCTAGAGTTAGGC-1,SeuratProject,35852,6582,35275,6566,0.082149673,0.669733933,0,0.013065287,0,0,0,0,0.046855248,0,0.18819586,284.8920836,224.5644427
ACACTGATCAAGGTGT-1,SeuratProject,43584,6853,36033,6827,0.760383101,0.120813241,0,0,0.049263833,0,0,0.013845129,0.028731855,0.02696284,0,336.7426508,206.6741767
ACAGGTGGAGGTGAGG-1,SeuratProject,37910,6125,35621,6112,0,0.996155624,0,0,0,0,0,0,5.59E-05,0,0.003788517,367.7905833,212.7589474
ACATCCCGGCCATACG-1,SeuratProject,38629,7272,36015,7253,0.157704176,0.00025966,0.380096117,0,0.355779363,0,0,0,0.106160683,0,0,305.6947184,188.5758845
ACATCGATCGTTTACC-1,SeuratProject,21206,5399,33437,5474,0,0.083292833,0.910760166,0,0,0,0,0.001852209,0,0.002394851,0.00169994,288.2205052,266.6377715
ACATTAGTTTATATCC-1,SeuratProject,40105,7437,36146,7408,0.285343856,0.03030302,0.294003258,0,0.055928643,0.062070937,0,0.010473991,0.098938133,0,0.162938162,291.8089597,212.5509211
ACCAACGCTTATTTAT-1,SeuratProject,44294,7141,36053,7108,0.360935766,0.019822607,0.039536334,0,0.004971349,0,0,0.013521772,0.560446578,0.000765594,0,333.2582095,200.6414126
ACCATCGTATATGGTA-1,SeuratProject,2439,1119,33387,6393,0.002999544,0.924023358,0,0,0,0,0,0,0,0.072977098,0,357.2852527,266.7937913
ACCCGGAAACTCCCAG-1,SeuratProject,50885,6758,35704,6574,0.211570472,0.765084169,0,0,0.022274354,0,0,0,0,0.001071005,0,278.0792207,176.4583497
ACCCGGTTACACTTCC-1,SeuratProject,32413,5855,34038,5840,0,0.926129138,0,0.025885793,0,0,0,0,0.003973385,0,0.044011683,336.5346245,266.7417847
ACCCGTGTCATCAGTA-1,SeuratProject,27366,6389,33219,6369,0.083913399,0.065036966,0,0,0.225988839,0,0.620819624,0,0,0.004241172,0,316.0960358,170.5816054
ACCCTATGCCATATCG-1,SeuratProject,44937,6756,35842,6716,0,0.93406541,0,0.000836896,0,0,0,0,0.051263761,0,0.013833932,364.4101551,182.6991401
ACGCGAAGTCAGACGA-1,SeuratProject,27978,6081,33454,6061,0.004419082,0,0.872091271,0,0.122405201,0,0,0,0.001084446,0,0,298.6738291,224.5644427
ACGGCACTTGCTTGGG-1,SeuratProject,26651,6626,33127,6612,0.041637659,0,0.643510871,0,0.31485147,0,0,0,0,0,0,295.293401,206.5701636
ACGGCCAACATGGACT-1,SeuratProject,37583,7320,35879,7297,0.038251076,0.007870451,0.312131485,0,0.641746988,0,0,0,0,0,0,312.5595879,200.5894061
ACGTTCGTTCAGGAAA-1,SeuratProject,44184,6700,35802,6664,0,0.755421243,0,0.007110889,0,0,0,0,0.229883399,0,0.00758447,350.6284096,158.6200904
ACGTTGTCGTTGAAAG-1,SeuratProject,389,278,31755,7192,0.003000834,0.868149883,0,0,0.005841193,0,0,0,0,0.12300809,0,395.7701271,68.64869484
ACTACGCGTTAGAATT-1,SeuratProject,45038,7216,36078,7185,0.581162699,0.209826454,0,0,0.087681825,0,0.088359391,0,0,0.032969632,0,309.2311663,158.5160772
ACTATTTCCGGGCCCA-1,SeuratProject,41467,6729,35908,6711,0,0.698507819,0,0.017172377,0,0,0,0,0.260789956,0,0.023529848,360.9777204,164.6528544
ACTCCCTAATGCTAAA-1,SeuratProject,45592,6501,35770,6455,0.201258218,0.779062922,0,0,0.015087057,0,0,0,0,0,0.004591802,264.2974751,176.4583497
ACTCCCTAGAATAGTA-1,SeuratProject,24968,5300,33786,5304,0,0.76926644,0.004569325,0.006967253,0,0,0,0,0.202487738,0,0.016709244,260.7090206,230.4931936
AGAAGGTTGCCGAATT-1,SeuratProject,41260,6261,35770,6240,0,0.99970713,0,0,0,0,0,0,0,0,0.00029287,350.3683766,266.7937913
AGACCCACCGCTGATC-1,SeuratProject,27310,5377,33771,5367,0.006319084,0.917242898,0,0.004720971,0,0,0,0,0.034309762,0,0.037407284,277.9752075,224.5124361
AGCAGCCAGATGAATA-1,SeuratProject,42032,7398,36157,7369,0.093339776,0.020405629,0.338704273,0,0.478617779,0,0,0,0.068932542,0,0,302.2622836,182.5431204
AGCCCGGTAGCCTGTA-1,SeuratProject,33780,6021,34412,6011,0,0.829844839,0,0.090634643,0,0,0,0,0.014024314,0,0.065496203,333.4142293,152.5873263
AGCGACAGGAACGGTC-1,SeuratProject,35900,6128,35257,6119,0.0531259,0.922041349,0,0.010410609,0.014422142,0,0,0,0,0,0,374.6554527,212.7589474
AGCGCATAATGAATCG-1,SeuratProject,36477,7009,35538,6985,0.194773252,0.005747802,0,0,0.478717882,0,0.301531807,0,0,0.019229258,0,312.6115945,176.5623629
AGCGTGGTATTCTACT-1,SeuratProject,14935,4316,33309,5004,0,0.58269525,0,0.342487885,0,0,0,0.008603804,0,0.025796542,0.040416519,257.1725727,248.4874727
AGCTCTTTACTCAGTT-1,SeuratProject,32958,5694,34242,5685,0,0.98477064,0,0,0.002551253,0,0,0,0,0,0.012678107,346.8839353,272.7745488
AGGACGACCCATTAGA-1,SeuratProject,36209,6057,35335,6047,0,0.957428846,0,0.014007238,0,0,0,0,0.013024163,0,0.015539753,346.9359419,260.7610272
AGGATAAAGTCGGGAT-1,SeuratProject,37893,6453,35715,6439,0.152423985,0.37488535,0,0.021830436,0,0,0,0,0.022565961,0,0.428294268,278.0272141,200.4853929
AGGCAGGGAGCGTACT-1,SeuratProject,35669,6200,35177,6189,0.011354485,0.77966128,0,0.057875666,0,0,0,0,0.011781367,0,0.139327202,333.3622227,164.6008479
AGGCTTCCCGAAGAAG-1,SeuratProject,43686,6997,35995,6972,0,0.323245806,0,0.001249984,0,0,0,0.020155944,0.655348267,0,0,357.3892659,218.7397049
AGGGACTCTACGCGAC-1,SeuratProject,30461,6331,33575,6314,0.228622303,0.075321844,0,0,0.602525397,0,0.072514487,0,0,0.021015969,0,319.4764639,188.5758845
AGTATTTGGCACGACC-1,SeuratProject,30853,6194,33736,6185,0.634687383,0.247742108,0,0,0.036105007,0,0.041818434,0,0.026648391,0.012998677,0,323.0129119,170.5816054
AGTCAACACCACCATC-1,SeuratProject,34287,5767,34590,5758,0,0.98338182,0,0.005294898,0,0,0,0,0.004174616,0,0.007148666,340.0190658,272.7745488
AGTGACCTACTTTACG-1,SeuratProject,25009,5541,33673,5549,0.013017958,0.739774497,0,0.004112249,0,0,0,0,0.093511449,0,0.149583847,322.8048855,254.6762565
AGTGATATGAGTAGTT-1,SeuratProject,31344,5920,33911,5910,0.007643515,0.688728243,0,0.013620369,0,0,0,0,0.087509045,0,0.202498827,333.1541963,248.695499
AGTGCGTAGCTCGTAA-1,SeuratProject,39767,6150,35738,6134,0,0.961539763,0,0.006417162,0,0,0,0,0.024432696,0,0.007610379,357.3372593,242.7667481
AGTTCCTATTTATGTT-1,SeuratProject,19390,5046,33659,5228,0,0.143093584,0.802757629,0,0.017517409,0,0,0.013084345,0.008553525,0.007542133,0.007451375,277.8711943,260.5530009
ATAAACGGACCCGTAA-1,SeuratProject,35487,6441,35140,6427,0.032387923,0.669250532,0,0,0,0,0,0.000747022,0.06251708,0,0.235097443,291.7569531,236.5779643
ATAAGGTGGAGAACAT-1,SeuratProject,29767,5514,33857,5499,0,0.954605863,0,0.004899526,0.000899393,0,0,0,0.013697456,0,0.025897762,253.8441511,218.479672
ATAAGTTACCGCGACG-1,SeuratProject,29708,5926,33671,5918,0.030555206,0.539500386,0,0,0,0,0,0,0.002125983,0.022411497,0.405406927,322.8048855,242.6627349
ATAATAGCTGTTGAAT-1,SeuratProject,31130,6034,33836,6017,0.038671355,0.684882091,0.000271658,0.001092943,0,0,0,0.010515325,0.098597566,0,0.165969061,284.840077,236.5779643
ATACCTAACCAAGAAA-1,SeuratProject,58454,7356,35848,6714,0.282564681,0.67350282,0,0,0.042907469,0,0,0,0,0.001025029,0,281.563662,170.4775922
ATAGTGAAGCGTTCTC-1,SeuratProject,25881,5695,33561,5697,0.007938322,0.445011525,0.48694291,0,0,0,0,0.022017388,0,0.015756493,0.022333363,305.486692,272.6705356
ATATAAAGCGCTCGTG-1,SeuratProject,39348,6516,35859,6496,0.502915868,0.442360864,0,0,0.054723267,0,0,0,0,0,0,267.7819165,170.4255856
ATATTCAGTTAAACCT-1,SeuratProject,4462,1568,34394,5839,0.022159272,0.972532297,0,0,0.002395965,0,0,0,0,0.002912466,0,364.2021288,254.7802697
ATCACGTGCTAATTAA-1,SeuratProject,1002,560,33052,6876,0.006005148,0.938077764,0,0,0.004376925,0,0,0,0,0.051540163,0,378.0358809,242.8187547
ATCAGACGGCACGCCG-1,SeuratProject,27447,5118,33918,5109,0,0.997166283,0,0,0.002833717,0,0,0,0,0,0,357.2852527,254.7802697
ATCCAGAGCAACAACC-1,SeuratProject,47810,7272,35994,7202,0.407968111,0.092397505,0.087448169,0,0.06033251,0,0,0.050623452,0.274015597,0.016256702,0.010957954,322.8568921,218.6356917
ATCCTACCTAAGCTCT-1,SeuratProject,30079,6037,33677,6026,0.017498293,0.731534719,0,0.024382589,0,0,0,0,0.072533529,0,0.15405087,336.5866311,254.7282631
ATCCTGCGTGGAATGG-1,SeuratProject,38020,6539,35731,6525,0.01294949,0.529603462,0,0,0,0,0,0,0.124853729,0,0.332593318,340.0710724,248.7475056
ATCGACCCAATACAGA-1,SeuratProject,26101,5658,33609,5649,0.001929,0.559821045,0.024396461,0.274690551,0.059679947,0,0,0.029112123,0.019934341,0,0.030436532,284.7880704,260.6050075
ATCTAATATCCTACGG-1,SeuratProject,44461,6774,35927,6741,0.296853833,0.497729515,0,0,0.062976387,0,0,0,0.000504845,0.06930398,0.072631439,271.1623446,188.4718713
ATGAAGCCAAGGAGCC-1,SeuratProject,86,66,32365,7437,0.01135465,0.914959912,0,0,0.005343737,0,0,0,0,0.068341701,0,343.139461,386.9290073
ATGATGCAATGGTACA-1,SeuratProject,30156,5982,33720,5970,0.003071557,0.853221962,0,0,0,0,0,0,0.064074556,0,0.079631925,329.669755,254.7282631
ATGTGGACATCTTGAT-1,SeuratProject,8849,2908,33340,5128,0.02098296,0.948891672,0,0,0.014445739,0,0,0,0,0.015679629,0,257.2245793,236.4739511
ATTAAACATGCGGACC-1,SeuratProject,30067,6024,33700,6010,0.009192492,0.672396752,0,0.096637909,0,0,0,0.010880951,0.014503337,0,0.196388558,298.569816,260.657014
ATTCACTGATGTTGGA-1,SeuratProject,32993,6237,34102,6224,0.344045167,0.463629443,0,0.042066279,0.032117973,0,0,0,0.030558494,0.015467043,0.072115602,267.7299099,182.4391072
ATTCATATACTGTCCA-1,SeuratProject,25284,5618,33571,5615,0.085814529,0.203920175,0,0,0.033913996,0,0,0.084424245,0.063084514,0.02191562,0.506926922,295.1893878,242.6107284
CAAACGAGTATCGCAG-1,SeuratProject,43277,6962,36031,6939,0,0.598109548,0,0,0,0,0,0,0.119906039,0.013292093,0.26869232,340.0710724,236.733984
CAAATGTCCTTCCGTG-1,SeuratProject,29112,5895,33662,5887,0.047875066,0.451686615,0,0,0.021671515,0,0,0,0.02160318,0,0.457163624,319.3204442,248.695499
CAACTGCTCATCCGAT-1,SeuratProject,37765,6935,35849,6920,0.212810292,0.163436169,0,0,0.175728945,0,0.436189996,0,0,0.011834598,0,312.663601,164.5488413
CAAGCGGCACATAATT-1,SeuratProject,34652,5849,34703,5833,0.016721398,0.927736998,0,0,0,0,0,0,0.039336827,0,0.016204777,253.8961577,194.4526288
CAATATTCTTGACCTA-1,SeuratProject,39714,6818,35919,6803,0.007717153,0.141155706,0,0,0.008050717,0,0,0.003932576,0.817137275,0.022006573,0,364.3581485,194.7126617
CACAATGAGCTGCTAT-1,SeuratProject,27027,5705,33646,5696,0,0.660720183,0,0.184417663,0,0,0,0,0.099134442,0,0.055727712,329.669755,266.7417847
CACAGGGCCGTTGTCA-1,SeuratProject,41396,7539,36394,7487,0.000723964,0.048573613,0,0,0.001686057,0.0002945,0.948721866,0,0,0,0,295.4494207,146.5025556
CACATATTAGCAGGAT-1,SeuratProject,14686,4062,33647,4846,0.026153621,0.378902768,0,0,0.006629678,0.588313934,0,0,0,0,0,250.3077032,236.4739511
CACCCGGTTTGTGACT-1,SeuratProject,40283,6320,35812,6297,0,0.979990307,0,0.001650149,0,0,0,0,0.011847718,0,0.006511826,367.7905833,200.7454258
CACCGTTAGGGATCAC-1,SeuratProject,33890,5605,34472,5595,0,0.979580591,0,0.002938555,0,0,0,0,0.007589798,0,0.009891056,374.7074593,200.7454258
CACTCAAGAGCTATGG-1,SeuratProject,22673,4812,33919,4897,0,0.872328074,0,0.010641628,0,0,0,0,0.101564597,0,0.015465702,305.4346855,284.6840572
CACTCGAGCTGAACAA-1,SeuratProject,9167,3062,32910,5147,0.012964343,0.158182173,0,0,0,0.82668022,0,0,0,0.002173265,0,246.8752685,230.441187
CAGACACCGATCGCTG-1,SeuratProject,46180,7591,36118,7538,0.16823895,0.006970751,0.229871798,0,0.039840413,0,0,0.009752912,0.545325176,0,0,326.39334,200.6414126
CAGACGAACCTGATAC-1,SeuratProject,44893,7053,35972,7020,0.341068881,0.032497576,0.01062253,0,0.034894136,0,0,0,0.567305241,0.013611637,0,329.7737682,218.6356917
CAGAGACGGTCACCCA-1,SeuratProject,28201,5589,33641,5579,0.168367402,0.281685036,0.431741884,0,0.066096834,0.003893412,0,0.005764834,0.024662869,0.017787728,0,305.6427118,212.6029277
CAGAGGCGATGCATGA-1,SeuratProject,26504,6086,33232,6078,0.088854901,0.026992568,0.000357375,0,0.381967126,0,0.497795038,0,0,0.004032992,0,336.7426508,194.6606551
CAGCGATTCCCTTCAA-1,SeuratProject,43481,7090,36055,7062,0.111383736,0.733938352,0,0.008078845,0.042012222,0,0,0.017022162,0.076387457,0.0056195,0.005557727,354.0088377,200.6934192
CAGGATATATCGTTGT-1,SeuratProject,25667,5688,33583,5690,0.112768808,0.436608064,0,0.094307859,0.069341297,0,0,0.01212363,0.022199826,0,0.252650516,295.1373812,254.62425
CAGGCGCCATGCTAGG-1,SeuratProject,15523,3861,33992,4569,0,0.94450821,0,0,0.030960002,0,0,0,0,0.009454397,0.015077391,250.3597098,224.4604295
CAGTCTGTATACTGGG-1,SeuratProject,18414,4613,34139,4928,0.013999075,0.638216111,0.004048861,0.187092307,0,0,0,0.012154988,0.085372556,0,0.059116102,274.386753,266.585765
CATACACGGTTCCCAC-1,SeuratProject,36023,7013,35388,6980,0.006444396,0.066089316,0,0,0.010805305,0,0.916660982,0,0,0,0,312.7156076,152.5353197
CATAGCGTTGCCCACC-1,SeuratProject,39031,6740,35889,6718,0,0.186473373,0,0,0.000630938,0,0,0.028281115,0.739959331,0.044655243,0,357.4412725,194.7126617
CATATAGGTACAGTCA-1,SeuratProject,25378,5640,33594,5641,0.02514409,0.72600829,0,0.022892671,0,0,0,0.016301794,0.084295641,0,0.125357514,312.4035681,260.657014
CATCGGACGGGTTAAT-1,SeuratProject,23853,5380,33614,5393,0.018957749,0.8789394,0.015966746,0,0,0,0,0.02391138,0.016079492,0.01883617,0.027309063,302.0542573,266.6377715
CATTTGAGTGGTACGT-1,SeuratProject,37218,6648,35640,6628,0.064036229,0.146207067,0,0,0.010933748,0,0,0.003249985,0.744858826,0.030714144,0,336.6906442,218.6876983
CCAAGAAAGTGGGCGA-1,SeuratProject,36436,6817,35496,6794,0.183449527,0.013512174,0.201624925,0,0.550084972,0,0,0,0.051328402,0,0,322.9088987,206.6221702
CCACCAACTTTACTGT-1,SeuratProject,49085,7044,35715,6901,0,0.968737254,0,0,0,0,0,0,0.031234391,0,2.84E-05,364.3581485,206.7261833
CCAGTCTTGTCATAGA-1,SeuratProject,41068,7045,36079,7022,0.554703448,0.232348856,0,0,0.11537753,0,0.053487055,0,0,0.044083111,0,298.8298489,164.4968347
CCATCGCAGTTAAACT-1,SeuratProject,43496,6948,36054,6930,0.237982706,0.267275569,0,0.011083106,0,0,0,0,0.001103681,0,0.482554939,288.3245183,218.5316786
CCATTTCTACCTATTA-1,SeuratProject,35725,6027,35170,6011,0,0.93497511,0,0.006663916,0.005450648,0,0,0,0.002005802,0,0.050904524,257.3285925,188.4198647
CCCGCAGCGCGAACTA-1,SeuratProject,28412,5829,33632,5813,0,0.753441518,0.007258307,0.136092134,0,0,0,0.011197809,0.078762238,0,0.013247995,271.0583314,224.5124361
CCCGTAGCTGGGAAGA-1,SeuratProject,42781,6568,35833,6543,0,0.554993104,0,0.008856665,0,0,0,0,0.424189041,0,0.01196119,367.8945964,176.7183826
CCCTTTGACAGGTCTT-1,SeuratProject,34527,6494,34631,6482,0.049220459,0.00659938,0.781126998,0,0.140388875,0,0,0,0.020364088,0,0.002300201,309.0751465,218.5836852
CCGCATGTGGTACGAT-1,SeuratProject,35627,6171,35159,6149,0.331724057,0.647394154,0,0,0.016091016,0,0,0,0,0.004790773,0,274.6467859,182.4911138
CCGCGGAATGCGTCAC-1,SeuratProject,30090,6294,33583,6274,0.145450289,0.164554325,0,0,0.609339021,0,0,0.001606258,0.011808643,0.067241463,0,347.0399551,212.7069408
CCGCTATCAGCACCAG-1,SeuratProject,24632,5482,33717,5499,0.037012931,0.479396512,0,0.062587743,0,0,0,0.011089758,0.138954049,0,0.270959006,284.840077,248.5914859
CCGGAGCGTACTTTCT-1,SeuratProject,33033,6614,34022,6589,0.126849634,0.045867461,0.003403104,0,0.270039817,0,0.537334253,0,0,0.01650573,0,309.1791597,170.5295988
CCGGTTTGTAATTGTG-1,SeuratProject,36811,5969,35474,5956,0,0.902956501,0,0.003095759,0,0,0,0,0.093947739,0,0,357.493279,182.6991401
CCTAAATTAACGGTTC-1,SeuratProject,20763,5190,33607,5304,0,0.166403257,0,0,0.009022569,0.757537744,0,0.029512517,0.019921034,0.01760288,0,267.5218835,266.5337584
CCTATACCGTCCTGTC-1,SeuratProject,46617,7194,35997,7138,0.057332842,0.851392768,0,0.008777439,0.002866693,0,0,0,0.067406176,0.000342408,0.011881673,347.1439682,188.6798976
CCTATATTTGTCCTGG-1,SeuratProject,50691,7705,36006,7554,0.361406288,0.304069956,0,0,0,0.013571224,0.320952532,0,0,0,0,323.0649184,146.5545622
CCTCGCGCTGTGCGAT-1,SeuratProject,38091,6797,35819,6782,0.43013454,0.109111946,0.015621081,0,0.365302849,0,0.022867185,0.000589625,0,0.056372774,0,298.8298489,176.5103563
CCTCTGTACTATTCTA-1,SeuratProject,47338,7674,36147,7625,0.487083944,0.036922334,0.083621068,0.006809096,0.033162619,0.150182436,0,0,0.055754821,0.001452827,0.145010855,291.8609662,200.5373995
CCTGACCACCGATGGT-1,SeuratProject,24630,5825,33483,5825,0.019671871,0.076142404,0,0,0,0,0,0.507117452,0.225937622,0.00913191,0.161998741,291.7049465,248.5914859
CCTTCAGTTAAAGTGA-1,SeuratProject,42820,6747,35907,6728,0,0.832778758,0,0.034410447,0,0,0,0,0.095170448,0,0.037640347,340.3311053,152.5873263
CCTTTAAGGGAGCACT-1,SeuratProject,39465,6622,35885,6603,0.295784629,0.526715137,0,0,0,0,0.128668784,0.020419183,0.021965964,0.006446303,0,329.9297879,170.5816054
CGAACCCGCATGCGTC-1,SeuratProject,41413,6814,35971,6794,0.001558703,0.420697251,0,0,0,0,0,0,0.525071781,0.013505216,0.039167049,333.2062029,224.6684558
CGAGACCCTAGAGTGT-1,SeuratProject,26758,5682,33547,5674,0.029247253,0.76842284,0,0.010372505,0,0,0,0.011817467,0.117326179,0,0.062813756,291.7049465,260.6050075
CGATACCTCGCGGACA-1,SeuratProject,20731,4501,34229,4701,0,0.99353098,0,0,0,0,0,0,0,0.002046253,0.004422767,336.5346245,278.7553063
CGATATTAGCCGCAGG-1,SeuratProject,19,16,31593,7557,0.005316754,0.903512004,0,0,0.006099544,0,0,0,0,0.085071698,0,380.8962432,477.1084291
CGATTAAATATCTCCT-1,SeuratProject,53528,7385,35672,7118,0.39387209,0.240169421,0,0.003414787,0.10603985,0,0,0,0.067239242,0.117759915,0.071504695,288.4285315,182.4911138
CGCCCAGCACGCCTAG-1,SeuratProject,36626,6508,35507,6496,0.163095849,0.746567518,0,0.000297923,0.019483457,0,0,0,0,0.026640261,0.043914992,326.4453466,164.6008479
CGCGCATGTTTGATTG-1,SeuratProject,28340,6325,33461,6310,0.050685156,0.001943833,0.080110309,0,0.862531057,0,0,0,0.004729644,0,0,315.9920226,218.6356917
CGCTGTGTGGATGTTG-1,SeuratProject,40415,6440,35840,6431,0,0.608645584,0,0.009757573,0,0,0,0,0.370927012,0,0.010669831,354.1128509,164.6528544
CGGAAAGAATCAAACG-1,SeuratProject,45655,7174,35965,7132,0.007437045,0.83065331,0,0.087958954,0,0,0,0.002387902,0,0.000135389,0.0714274,336.7946574,170.6336119
CGGAACGTAAACATAG-1,SeuratProject,43674,7185,36052,7166,0.002929585,0.567810763,0,0,0.001953749,0,0,0,0.311792526,0.027024289,0.088489089,346.9879485,236.733984
CGGAGCAATTTAATCG-1,SeuratProject,47626,7880,36221,7792,0.011001474,0,0.83961476,0,0.137724228,0,0,0,0.011659538,0,0,295.293401,194.556642
CGGCAAACATCGTGCG-1,SeuratProject,37030,6386,35565,6371,0.03419944,0.646198907,0,0,0,0,0,0,0.048425557,0,0.271176096,274.5427728,206.518157
CGGGAATTTATGTAAA-1,SeuratProject,25469,5469,33748,5473,0.002416349,0.815202492,0.011020905,0.000154868,0,0,0,0.042011866,0.116694554,0,0.012498966,277.9232009,248.5394793
CGGGCCTTCTTTGTAA-1,SeuratProject,24452,5199,33793,5203,0.01634139,0.543034632,0.006316603,0.229428474,0.018482512,0,0,0.02354871,0.013025823,0,0.149821856,312.3515615,272.6705356
CGGTCCATGAGACTCC-1,SeuratProject,30,26,32163,7527,0.010270521,0.911819785,0,0,0.007521367,0,0,0,0,0.070388327,0,94.54797517,398.2664432
CGGTCCGTCGCAAGCC-1,SeuratProject,20922,5362,33291,5503,0.001690003,0.017180489,0,0,0.051898567,0.929230942,0,0,0,0,0,326.5493598,140.5738047
CGGTGCGCGTTGGTCC-1,SeuratProject,49258,6631,35580,6471,0,0.99279134,0,0,0,0,0,0,0,0,0.00720866,367.7385767,224.772469
CGTCACGTCCATTGGT-1,SeuratProject,31474,6253,33859,6240,0.182477496,0.442638009,0,0,0.109350878,0,0,0,0,0.036664105,0.228869511,326.2893268,236.6819774
CGTGAAGTTAATTCAC-1,SeuratProject,19241,4714,34090,4959,0.01981581,0.684132163,0,0.139103144,0.032226819,0,0,0.017768728,0.012277003,0,0.094676333,308.9191268,278.7032997
CGTTTGTGTAGAGGGT-1,SeuratProject,33054,5914,34193,5896,0,0.942732666,0,0,0,0,0,0.003025387,0.049506876,0.004735072,0,360.9257138,188.6798976
CTAAAGGGAAATAGGA-1,SeuratProject,31529,6034,33882,6024,0.001759673,0.770685041,0,0.076207391,0,0,0,0,0.024311501,0,0.127036395,288.2725117,254.5722434
CTACAAGAAATAACCC-1,SeuratProject,45627,6714,35773,6652,0.029963891,0.791551147,0,0.002790505,0.022105671,0,0,0,0.142700411,0,0.010888376,364.4101551,170.6856185
CTACTCAAGGTATAGT-1,SeuratProject,33723,6028,34381,6015,0,0.562589785,0,0,0,0,0,0,0.430902136,0,0.006508079,357.5452856,158.6720969
CTAGTTACAACCCGGT-1,SeuratProject,45912,6867,35846,6823,0.051372891,0.452839644,0,0,0,0,0,0,0.085047911,0,0.410739554,271.110338,200.4853929
CTATTCATGTGTCCCA-1,SeuratProject,39474,6994,35996,6980,0.544948417,0.045965238,0,0.015504548,0.008051152,0,0,0,0.015381448,0,0.370149196,288.3765249,206.518157
CTCCGCCCACATGAGG-1,SeuratProject,971,522,33136,6884,0.011170675,0.914264631,0,0,0.01367474,0,0,0,0,0.060889954,0,367.6345635,260.8130338
CTCCTCCAGCTCACAC-1,SeuratProject,32682,6531,33990,6517,0.006701704,0.146860642,0,0.000168933,0,0,0.807110919,0,0,0.039157802,0,329.9817945,146.5545622
CTCGCCGAATGTAGGG-1,SeuratProject,39647,7076,36078,7047,0.040841909,0.070137999,0,0,0.027141441,0,0.857962909,0,0,0.003915742,0,281.6156686,158.4640706
CTCTATTTGGCTGCAG-1,SeuratProject,24612,5496,33677,5498,0.007849239,0.803534849,0.050947604,0.065758448,0,0,0,0.017598261,0.042182692,0,0.012128907,267.5738901,230.4931936
CTCTTGTCCCGCTTGG-1,SeuratProject,36948,7054,35652,7026,0.050323356,0.009921569,0.690966881,0,0.212429778,0,0,0,0.036358415,0,0,302.2102771,194.556642
CTGAATCCGAGACCTC-1,SeuratProject,35692,6759,35216,6736,0.395266494,0.165423871,0.034071909,0,0.018029864,0,0,0,0.024962074,0.004407103,0.357838685,319.3724508,236.6299709
CTGCACTCCAGTACAG-1,SeuratProject,36991,6066,35504,6051,0,0.971963339,0,0,0,0,0,0,0,0,0.028036661,260.8130338,194.4526288
CTGCCATGCATCACAT-1,SeuratProject,23605,5241,33738,5277,0.0027437,0.668805142,0.009739086,0.215464299,0,0,0,0.02090537,0.042003003,0,0.040339401,288.1684986,278.6512931
CTGGATTTACACTTGA-1,SeuratProject,33757,6418,34342,6400,0.234195851,0.076767617,0.381753311,0,0.014135503,0,0,0.004378398,0.258839481,0.015922378,0.01400746,312.5075813,224.6164493
CTGGCTGGTTGTCAGT-1,SeuratProject,28372,6295,33380,6269,0.151355047,0.026486265,0.207690951,0,0.575337861,0,0.009864185,0,0.029265691,0,0,309.1271531,194.556642
CTGTAGCCATCTCACT-1,SeuratProject,36937,6445,35561,6437,0.007827482,0.863185966,0,0.01543537,0,0,0.005216467,0,0.086083778,0,0.022250938,343.6595269,182.6471335
CTGTTACCCAATCTAG-1,SeuratProject,28059,6399,33352,6375,0.010483219,0.000787219,0.716977949,0,0.258122093,0.007646008,0,0,0.004186535,0,0.001796976,302.1062639,230.5972068
CTTCCGCTCCGTGAAG-1,SeuratProject,32491,6327,33985,6312,0.409317775,0.33671836,0,0,0.016964326,0,0,0.008826027,0.222563636,0.005609877,0,329.8777813,182.595127
CTTCTATTAATGCTAG-1,SeuratProject,47409,7482,36142,7431,0.563102243,0.154293357,0,0,0.230383508,0,0.051975278,0,0.000245615,0,0,340.1750856,212.6549342
CTTGCCCAGGCTCTAC-1,SeuratProject,25887,5631,33564,5618,0.037129377,0.412115043,0,0.001171035,0,0,0,0,0.041729836,0,0.507854709,312.4555747,248.6434924
CTTGGCCAAGCTGGGA-1,SeuratProject,40456,7090,36070,7063,0.143923164,0.284802471,0.000438772,0,0.002032986,0,0.566505643,0,0,0.002296965,0,305.7987316,152.5353197
CTTGTCAACATTCGAG-1,SeuratProject,34468,6193,34604,6180,0.011355891,0.683408344,0,0.00445504,0,0,0,0,0.107622714,0,0.19315801,274.5427728,218.5316786
CTTTAATATTGGTCGA-1,SeuratProject,34618,6473,34660,6451,0,0.75278828,0.008956078,0.129866438,0,0,0,0.012533797,0.070143605,0.004749227,0.020962575,250.3597098,212.4469079
CTTTAGTGCTATTATT-1,SeuratProject,19070,4924,33915,5136,0.030250876,0.678146199,0.01201229,0.0839307,0.033519603,0,0,0,0.094732611,0,0.067407721,281.3556357,254.5722434
CTTTCTGTGCGGGCTT-1,SeuratProject,33904,6304,34417,6293,0.035728497,0.34392217,0,7.61E-06,0,0,0,0,0.032828623,0,0.587513096,274.5947794,194.5046354
GAAACCGAATTACCTT-1,SeuratProject,34497,6258,34618,6242,0.012195897,0.588267819,0,0,0,0,0,0,0.067596331,0,0.331939953,326.2373203,248.695499
GAAACCTATACAAATG-1,SeuratProject,41699,7443,36192,7413,0.294119792,0.103849248,0.042063337,0,0.284462929,0,0,0.169382039,0.106122654,0,0,323.0129119,158.5680838
GAAAGCAGTGCACTTT-1,SeuratProject,32396,6729,33846,6708,0.195872265,0.026812172,0.000787507,0,0.54318876,0,0.204304789,0,0,0.029034506,0,316.0440292,182.595127
GAAATTGTCTCTATAA-1,SeuratProject,34715,6253,34728,6234,0.012632568,0.801503031,0,0.001698276,0,0,0,0.000997473,0.138783235,0,0.044385417,319.3204442,260.7090206
GAACAGATTACTAAAT-1,SeuratProject,15978,4090,33635,4666,0.804946435,0.183226601,0,0,0.000193908,0,0,0,0,0.011633056,0,257.3805991,176.4063431
GAACCCTCTGTGTTCT-1,SeuratProject,39561,6693,35927,6669,0.643332245,0.16955414,0,0,0.084615266,0,0,0,0,0.102498349,0,271.2143512,164.4448281
GAAGCCTGCACATTCC-1,SeuratProject,42975,7460,36466,7392,0.004709041,0.041978642,0,0,0.008420919,0,0.944891398,0,0,0,0,291.9649794,152.4833131
GAAGTCAGTTGCACTA-1,SeuratProject,36241,6501,35386,6485,0.146230392,0.053886875,0.662970357,0,0.082986864,0,0,0,0.045063436,0.008862076,0,302.2102771,206.5701636
GAATCTGAACATTCTC-1,SeuratProject,24003,5444,33704,5456,0,0.800121342,0.056074956,0.056357297,0.000286218,0,0,0.033642903,0.02122734,0.01670978,0.015580164,281.3036291,266.585765
GAATTCACCCGGGTGT-1,SeuratProject,32058,6590,33834,6571,0.014312302,8.55E-05,0.858141626,0,0.113211645,0,0,0,0.005999792,0,0.008249122,312.4555747,236.6299709
GACACTGAGTTCAGTG-1,SeuratProject,39926,6466,35858,6452,0,0.934567625,0,0,0,0,0,0,0.03042647,0,0.035005905,343.5035071,254.7282631
GACATCGATTTATAAC-1,SeuratProject,56337,7732,35776,7291,0.347213538,0.008061561,0.034008295,0,0.022622762,0,0,0.023851464,0.555646553,0.008595828,0,329.8257748,206.6221702
GACCGTGCTGACGGTG-1,SeuratProject,22710,4854,33876,4930,0,0.8782984,0,0.075945752,0,0,0,0,0.00640045,0,0.039355399,322.7008723,278.7032997
GACGACGATCCGCGTT-1,SeuratProject,34742,6086,34744,6067,0,0.860788628,0,0.002744032,0,0,0,0,0.120963441,0,0.015503899,260.7610272,206.4661504
GACGCCGTAAAGGCTA-1,SeuratProject,48871,7339,35970,7217,0.378690177,0.022428545,0.08642002,0,0.079369814,0,0,0.013390317,0.412966823,0.006734305,0,316.0440292,194.6086486
GACGGGTTGGCCCGTA-1,SeuratProject,33425,5990,34293,5978,0.012990467,0.828113635,0,0.082901156,0,0,0,0,0.00764083,0,0.068353912,326.4973532,152.5873263
GAGACTTCGCGACCGA-1,SeuratProject,42653,7554,36260,7518,0.024315452,0.174070838,0.68165798,0,0.112339471,0,0.007616258,0,0,0,0,305.6427118,200.5894061
GAGATGGGAGTCGACA-1,SeuratProject,37618,6151,35630,6142,0,0.82568521,0,0.009585207,0,0,0,0,0.146633035,0,0.018096547,253.8441511,206.4661504
GAGTATGCCCGCCTTG-1,SeuratProject,44833,6819,35891,6788,0,0.957580168,0,0,0,0,0,0,0.022103622,0,0.020316209,353.9568311,224.7204624
GAGTCAGACCAGAATC-1,SeuratProject,41514,6744,35986,6723,0.210604263,0.691510244,0,0,0.020494527,0,0.021309776,0.014396717,0.015489217,0.026195256,0,336.7946574,182.6471335
GAGTCCGCTTACCGGA-1,SeuratProject,30395,6269,33693,6254,0.148657303,0.298375123,0,0.005642248,0.032389587,0,0,0,0.008359164,0,0.506576574,302.1062639,242.6107284
GATACGATGGGAGTCA-1,SeuratProject,36424,6214,35393,6202,0,0.968854943,0,0,0,0,0,0,0.015533679,0,0.015611378,346.9879485,248.7475056
GATAGGTAACGTTGAC-1,SeuratProject,32482,6453,33983,6436,0.234312697,0.197263851,0,0,0.015633385,0,0,0,0.335428916,0.00012938,0.217231771,295.2413944,230.5972068
GATCTGCTATCTAAGG-1,SeuratProject,43553,7766,36348,7698,0.008815245,0.094052663,0,0,0.016642565,0,0.880489527,0,0,0,0,309.2311663,146.5025556
GATCTTGGAGGGCATA-1,SeuratProject,22499,5189,33653,5239,0,0.651246138,0,0.25082525,0,0,0,0.003983931,0.020877473,0.011231384,0.061835824,260.657014,254.5202368
GATTGGGAAAGGTTGT-1,SeuratProject,765,485,31819,6975,0.001885302,0.908894547,0,0,0,0,0,0,0,0.089220151,0,226.4366798,122.267486
GCAAACCTTGGCCATA-1,SeuratProject,50752,6926,35670,6727,0.268410818,0.64174278,0,0,0.042292553,0,0,0,0,0.014750308,0.032803541,271.2143512,176.4583497
GCACGCCTACTTAGAT-1,SeuratProject,37941,6568,35728,6554,0,0.189052737,0,0,0,0,0,0,0.810947263,0,0,367.8425899,188.7319042
GCCACAATTTAAGGAC-1,SeuratProject,4950,1754,34042,5767,0.06492098,0.916799895,0,0,0.011536006,0,0,0,0,0.006743119,0,367.6865701,248.7995122
GCCATCGAGCTGCGTG-1,SeuratProject,29625,6348,33475,6331,0.036831841,0.013648847,0.014159552,0,0.907444839,0,0.019526077,0,0,0.008388844,0,340.1750856,200.6414126
GCCCGATCTGTGGTCG-1,SeuratProject,36716,6366,35511,6351,0.430772167,0.186323966,0,0.039962407,0.023140662,0,0,0,0.031870783,0.007596888,0.280333127,284.9440902,200.5373995
GCCCGCGCGTAAACGG-1,SeuratProject,51293,7014,35576,6811,0,0.917387287,0,0.00603929,0,0,0,0,0.073492262,0,0.003081161,360.8217006,224.772469
GCCGATTGGCCAAGCT-1,SeuratProject,24631,5275,33718,5274,0.002741998,0.759886824,0.006492264,0.115222576,0,0,0,0.021641788,0.075790609,0,0.018223942,291.6529399,272.6185291
GCCGGGTTAGGGTCGC-1,SeuratProject,23206,4961,33634,5012,0,0.172080414,0.81361347,0,0.009846731,0,0,0.003863952,0,0.000595433,0,298.569816,272.6705356
GCGACGATAGTTGTAC-1,SeuratProject,25235,6060,33320,6053,0.01327768,0,0.445930421,0,0.536137462,0,0,0,0.00298647,0,0.001667967,315.940016,230.6492133
GCGCCGTTCCACGATA-1,SeuratProject,21732,5124,33608,5193,0.035199659,0.718357781,0.011052235,0,0.011320667,0,0,0.066938512,0.093773189,0.008015608,0.05534235,277.8711943,272.6185291
GCGCTATGCCGAGGCA-1,SeuratProject,41031,6408,35824,6385,0,0.958316875,0,0.000759144,0,0,0,0,0.002301505,0,0.038622476,340.0190658,260.7610272
GCGGACCGCGTTGTGG-1,SeuratProject,37419,6258,35589,6241,0,0.93717528,0,0,0,0,0,0,0.004413414,0,0.058411306,353.9568311,212.7069408
GCGGGCGAGCCTTACC-1,SeuratProject,25080,5880,33273,5888,0.147976387,0.032734565,0.011303847,0,0.675750074,0,0.120423595,0,0,0.011811532,0,326.39334,188.627891
GCGGTTCCCTATCATG-1,SeuratProject,30336,6107,33709,6097,0.026504234,0.255906527,0,0.006060118,0.003093588,0,0,0,0.012375405,0.007192822,0.688867306,333.2062029,236.6819774
GCGTCGCCAGGGTGAT-1,SeuratProject,30289,5770,33814,5763,0.435965692,0.280803529,0,0.011854779,0.043843818,0,0,0,0,0.046327654,0.181204528,288.4285315,194.5046354
GCTACGACTTATTGGG-1,SeuratProject,18064,4906,33897,5178,0,0.372547712,0.001097936,0.037383064,0.0989933,0,0,0.34624487,0.126314056,0.017419062,0,264.0894488,260.5530009
GCTAGCTTGAATAGCT-1,SeuratProject,40249,6652,35930,6634,0.227336385,0.704934327,0,0,0.036500357,0,0,0,0.028483065,0.002248936,0.000496931,350.5243964,206.6741767
GCTCAATGTAATACCG-1,SeuratProject,37872,7430,35944,7406,0.023743391,0.135759546,0,0,0.091169365,0,0.748526697,0,0,0.000801001,0,302.3662968,146.5025556
GCTGCTAAGTAGTCGA-1,SeuratProject,41046,6822,36049,6803,0.619526629,0.156476994,0,0,0.15879438,0,0.037179573,0,0,0.028022424,0,309.1791597,182.5431204
GCTGGCGGCGCATGCT-1,SeuratProject,39831,6642,35918,6623,0.2645456,0.337708607,0,0.01451467,0.017841386,0,0,0,0.003846259,0.01966648,0.341876997,281.5116554,194.5046354
GCTGTATTACTGGCCC-1,SeuratProject,3441,1397,33948,6104,0.012142261,0.945267851,0,0,0,0,0,0,0,0.042589887,0,371.1710114,242.8187547
GGAACCGTGTAAATTG-1,SeuratProject,48098,7072,35850,6974,0.022134028,0.90793035,0,0,0.023088843,0,0,0,0,0.046846779,0,340.123079,224.7204624
GGACCAACAGGATAAC-1,SeuratProject,40898,6633,35907,6611,0.011374906,0.567043795,0,0,0,0,0,0,0.13036851,0,0.291212789,271.110338,212.4989145
GGAGACGACACCTTTG-1,SeuratProject,18575,4665,34068,4921,0.009838435,0.664267628,0.012322446,0.180512144,0.003310571,0,0,0.030653799,0.066881592,0,0.032213386,270.9543183,260.5530009
GGCAAATTACTTTACT-1,SeuratProject,28390,5640,33707,5634,0,0.691834187,0,0.225469336,0,0,0,0,0.021034421,0,0.061662056,319.2684376,272.7225422
GGCAAGGCGAAATAGC-1,SeuratProject,22088,5290,33626,5367,0.005224912,0.606532368,0.010854042,0,0.015957846,0,0,0.04444199,0.300081318,0.009943725,0.006963799,264.0894488,248.5394793
GGCCGTTTGGGTTTCA-1,SeuratProject,34828,5544,34819,5536,0,0.602634275,0,0.010153003,0,0,0,0,0.38033424,0,0.006878482,347.1959748,164.6528544
GGCGCATGAATTGATG-1,SeuratProject,24513,5323,33700,5329,0.002781025,0.591334098,0.295852494,0.046017752,0,0,0,0.024004264,0,0,0.040010367,315.8360029,266.6897781
GGCGCGTTCGAGTTTA-1,SeuratProject,29497,6090,33646,6076,0.086897114,0.481973337,0,0.007244802,0.002374674,0,0,0,0.015267545,0,0.406242527,298.6738291,236.5779643
GGCTTTCAATAAGGGT-1,SeuratProject,37765,7251,35937,7218,0.00355232,0.038005444,0,0,0.002456977,0,0.955985259,0,0,0,0,288.4805381,158.4640706
GGGACCCGTATATCTT-1,SeuratProject,30829,6477,33530,6457,0.048984294,0.057434395,0,0,0.082632088,0,0.810949223,0,0,0,0,319.5284705,176.5623629
GGGATGGTCGTAACCG-1,SeuratProject,44756,7035,35912,7003,0.06246193,0.774391834,0,0.00719984,0.065107109,0,0,0,0.012612057,0.002326882,0.075900349,353.9048245,236.733984
GGGCAGAGCAATCGTT-1,SeuratProject,33494,6454,34226,6440,0.439096941,0.145232321,0,0,0.331629696,0,0.067425159,0,0,0.016615883,0,295.3974142,170.5295988
GGGCCCGTCTTAAACA-1,SeuratProject,32508,6041,34057,6032,0.006697692,0.747610795,0,0.140408236,0,0,0,0.00069264,0.029371159,0,0.075219479,322.7528789,266.6897781
GGGCGGCAAATGAATT-1,SeuratProject,37046,6858,35645,6840,0.075037945,0.06440891,0,0,0.811660386,0,0,0.003099258,0.03803585,0.00775765,0,347.0399551,224.7204624
GGGCGTCACCACGTAA-1,SeuratProject,33906,6384,34413,6376,0.062165475,0.346601173,0,0.036519614,0.020816305,0,0,0.0894734,0,0.014642072,0.429781962,329.7737682,230.6492133
GGGCTATGATCGATGG-1,SeuratProject,34389,6405,34585,6394,0.502878491,0.407586008,0,0,0.012033857,0,0.032091184,0,0.042794341,0.00261612,0,326.4453466,176.6143695
GGGTGACACCTTAACT-1,SeuratProject,25706,6235,33242,6226,0.012796603,0,0.477760707,0,0.503246017,0,0,0,0.00225123,0,0.003945443,309.02314,242.6107284
GGGTTAACATTTGAGT-1,SeuratProject,34424,6657,34571,6631,0.152118054,0.056797291,0.001566123,0,0.644905759,0,0.130549987,0,0,0.014062785,0,329.8257748,194.6086486
GGTACAAACATGCTAT-1,SeuratProject,29415,5754,33744,5741,0,0.689180128,0,0.267555545,0,0,0,0.000710182,0.002512443,0,0.040041702,315.8360029,278.7032997
GGTAGAAGACCGCCTG-1,SeuratProject,35508,6146,35104,6132,0,0.673986076,0,0.016314031,0,0,0,0,0.260004849,0,0.049695044,257.3285925,200.4333863
GGTAGACCGTTGGGCG-1,SeuratProject,31600,6660,33724,6636,0.110927678,0.004847056,0.411498227,0,0.399703274,0,0,0,0.073023764,0,0,319.4764639,200.5894061
GGTCAGTGGGTCCCAC-1,SeuratProject,30479,5915,33796,5905,0.07619885,0.590166156,0,0,0,0,0,0.005470682,0.064399737,0,0.263764576,288.3245183,230.5452002
GGTCGGTCGTCCACAG-1,SeuratProject,23594,5710,33101,5770,0.12481634,0.022669209,0,0,0.590946712,0,0.251605526,0,0,0.009962213,0,322.9609053,182.595127
GGTGCTGGTACACATT-1,SeuratProject,34263,5731,34583,5715,0,0.993319742,0,0.003257514,0,0,0,0,0,0,0.003422744,343.4515005,266.7417847
GTAATCTGATTCTTCG-1,SeuratProject,41767,6943,36008,6917,0.063884006,0.556922746,0,0,0.039271805,0,0,0,0.332112924,0.007808518,0,350.4723898,218.7397049
GTACGTTTGCCCGTCA-1,SeuratProject,19191,5038,33734,5240,0.017386658,0.301059908,0.004536938,0.27531044,0.304332449,0,0,0.031791817,0.010997778,0,0.054584012,267.5218835,254.5202368
GTAGCCAAACATGGGA-1,SeuratProject,34847,6271,34827,6252,0,0.938664754,0.016637546,0,0.000632415,0,0,0.035714272,0.002150895,0.006200118,0,260.7090206,218.479672
GTATCAAGGTACTTCC-1,SeuratProject,764,499,30961,6984,0.009951679,0.895563194,0,0,8.42E-05,0,0,0,0,0.094400881,0,254.1561907,86.27892783
GTATCTTTCATAACCA-1,SeuratProject,25888,5633,33633,5628,0.008287076,0.718916391,0.015077116,0.067678576,0,0,0,0.039275349,0.138581958,0,0.012183534,274.4907662,242.5587218
GTATTCTGAGAAACGA-1,SeuratProject,9387,3039,32827,5104,0.007408591,0.066035262,0,0,0,0.925990201,0,0,0,0.000565946,0,371.1710114,230.8052331
GTCGCCGTTGTGTGTT-1,SeuratProject,35325,5863,35050,5855,0,0.794314304,0,0.007657734,0,0,0,0,0.190436134,0,0.007591828,354.0608443,176.666376
GTCGGGAAGCAGAAAC-1,SeuratProject,43801,6848,35977,6811,0.645911164,0.111126374,0,0,0.116409934,0,0.016986049,0,0,0.109566479,0,278.1312273,164.4448281
GTCGTACCATCTCGGG-1,SeuratProject,22591,5110,33671,5177,0.019607541,0.735509112,0,0,0,0,0,0,0.047180244,0,0.197703103,288.2725117,242.5587218
GTCTCAAGGCCCGGCT-1,SeuratProject,38895,6552,35855,6517,0.443458451,0.077121601,0.014267067,0,0.02695797,0.362479829,0.025373569,0,0,0.050341513,0,274.6987925,158.412064
GTCTGGGCGGTCGAGA-1,SeuratProject,35687,6249,35168,6232,0,0.962055422,0,0.005386731,0.012750839,0,0,0,0.019432942,0,0.000374067,350.4203832,242.7667481
GTGACTTCAGTAGTGC-1,SeuratProject,29934,5852,33739,5839,0.004439535,0.772399264,0,0,0,0,0,0,0.012299879,0.035594087,0.175267235,329.7217616,242.7147415
GTGAGTGGTACAACGC-1,SeuratProject,34968,6285,34917,6267,0.205206628,0.047511823,0.584569355,0,0.087187232,0,0,0,0.06556008,0.009964881,0,309.0751465,206.5701636
GTGATCATAGATCTGC-1,SeuratProject,28873,6254,33524,6242,0.203155099,0.072250451,0,0.006424339,0.021027278,0,0,0.075845399,0.053294803,0.002237801,0.56576483,305.5386986,248.6434924
GTGATTCGCCGCTCAA-1,SeuratProject,39664,6578,35886,6569,0.263940263,0.475985843,0,0,0.200657912,0,0,0,0.015052702,0.04436328,0,364.2541353,230.7532265
GTGCCGCTTCAAAGGT-1,SeuratProject,42886,6696,35868,6671,0,0.893122221,0,0.000304382,0,0,0,0,0.09526245,0,0.011310947,350.4203832,254.7802697
GTGCGAAATCGAACAC-1,SeuratProject,47088,6638,35625,6547,0,0.985561648,0,0,0,0,0,0,0.009894554,0,0.004543797,353.8528179,248.7475056
GTGGACGCATTTGTCC-1,SeuratProject,38525,6262,35768,6249,0.334611251,0.624389753,0,0,0.030399351,0,0,0,0,0.008965297,0.001634348,281.5116554,182.4911138
GTGGAGTCGGCGGTTG-1,SeuratProject,38717,5896,35701,5888,0,0.983075307,0,0,0,0,0,0,0.010906065,0,0.006018627,371.2750246,194.7126617
GTGGTATAGTCTGCCG-1,SeuratProject,37403,6089,35558,6073,0,0.884377978,0,0.009331593,0,0,0,0,0.090827558,0,0.015462871,360.9777204,176.666376
GTTACCTACAACTTGC-1,SeuratProject,28910,5865,33662,5851,0,0.773861027,0.038501601,0.064418435,0,0,0,0.018872356,0.104346581,0,0,271.0583314,236.5259577
GTTACTTTGGGCCTAG-1,SeuratProject,24994,5434,33665,5437,0.004509632,0.687315278,0,0.181697146,0,0,0,0,0.03357769,0,0.092900254,326.2373203,260.7090206
GTTATATTATCTCCCT-1,SeuratProject,27731,6361,33375,6339,0.009902007,0,0.912806208,0,0.075778282,0.000867799,0,0,0.000645704,0,0,309.02314,230.5972068
GTTGGTCATGCTATCC-1,SeuratProject,41133,6732,35988,6707,0.690415715,0.191483194,0,0.002595817,0.027824194,0,0,0,0,0.036080078,0.051601002,284.9960968,188.5238779
GTTTACGTTCCATCTG-1,SeuratProject,24872,5367,33697,5376,0.007382092,0.764142199,0,0,0,0,0,0,0.126254077,0,0.102221631,281.4076423,230.5452002
GTTTGGGCTTGTGAGC-1,SeuratProject,26876,5843,33500,5831,0.021798475,0.116812702,0,0.006066548,0.01936215,0,0,0.783643992,0.02004779,0.01347688,0.018791463,278.0272141,212.4989145
GTTTGGTAGGGTCAAC-1,SeuratProject,35154,7131,35028,7107,0.008530252,0,0.715571929,0,0.275897818,0,0,0,0,0,0,298.7778423,200.5373995
TAACTCATCCGCGCGG-1,SeuratProject,35989,5931,35270,5922,0,0.939560613,0,0.014135512,0,0,0,0,0.003868828,0,0.042435047,333.1021897,260.7090206
TAAGGCATAACATCAA-1,SeuratProject,53377,7267,35668,7011,0.413110026,0.534337831,0,0,0.042014692,0,0,0,0.010537451,0,0,333.3622227,176.6143695
TAAGTAACATCTTGAC-1,SeuratProject,35372,5759,35052,5746,0.024809947,0.961249355,0,0.000166324,0.013774375,0,0,0,0,0,0,364.2541353,242.7667481
TAATAGAACAGAGTTA-1,SeuratProject,52453,7093,35490,6813,0.025478215,0.945830055,0,0.006685215,0.018736456,0,0,0,0,0,0.003270058,371.223018,218.7917115
TACAACGCACAACTCA-1,SeuratProject,36570,6087,35427,6082,0,0.949599777,0,0,0,0,0,0,0.01871829,0,0.031681933,333.1021897,272.7225422
TACATAGGCATACACC-1,SeuratProject,23034,5156,33631,5198,0,0.470027272,0,0.458200054,0.003476989,0,0,0.000194845,0.025735367,0,0.042365474,295.0853746,278.6512931
TACATTTCTAACGTGC-1,SeuratProject,15894,3933,34112,4564,0,0.94976745,0,0,0,0,0,0,0.004061319,0,0.046171231,312.3515615,284.6840572
TACCAAATAGCCCAGA-1,SeuratProject,52148,7992,36249,7745,0.011420484,0.047406277,0,0,0.012181119,0,0.924094664,0,0,0.004897456,0,291.9649794,164.4968347
TACCAGAAGTAGGTTC-1,SeuratProject,35630,6552,35199,6538,0.109648941,0.092706044,0.074621208,0,0.029181603,0,0,0,0.475106514,0.027695798,0.191039892,326.2893268,224.6684558
TACCGGCTCACTGCCC-1,SeuratProject,25239,5147,33834,5158,0.024046277,0.888674561,0.000182662,0,0,0,0,0.004004776,0.028883282,0,0.054208443,277.9232009,236.5259577
TACCGTAGGTTAACTA-1,SeuratProject,41471,7204,36128,7178,0.335945534,0.200543385,0.005322192,0,0.17590676,0,0.226737758,0,0,0.055544371,0,305.746725,164.5488413
TACCGTGCCTCGGACC-1,SeuratProject,33440,5997,34282,5984,0.005064201,0.926011803,0.003371285,0,0,0,0,0.002996631,0.055522658,0,0.007033421,264.193462,212.4989145
TACCTACTCCCAGTAT-1,SeuratProject,43693,6822,36061,6789,0.540701974,0.215867258,0,0,0.14679582,0,0.032694321,0,0,0.063940628,0,288.4805381,170.4775922
TACCTCAGTTGTCTGT-1,SeuratProject,39107,6519,35841,6507,0.014832117,0.849197167,0,0.004058759,0.008180543,0,0,0,0.017598049,0.000778815,0.105354551,329.9297879,158.5680838
TACGACGCTTGCTGCG-1,SeuratProject,27241,5684,33619,5670,0.087615936,0.302233005,0,0.006146349,0.013263327,0,0,0,0,0.009874447,0.580866935,315.8880094,242.6627349
TACGACTGCCTCTTAG-1,SeuratProject,16376,4805,33233,5220,0.003504728,0.093995353,0.875244083,0,0.001214364,0,0,0.000776234,0.001755358,0.004397122,0.019112758,274.4387596,254.5722434
TACGCAGTTCTTTCCT-1,SeuratProject,23838,5043,33830,5075,0,0.810057419,0,0.146880041,0,0,0,0,0.012880369,0,0.030182171,326.1853137,272.7225422
TACGCCATATTCTAAT-1,SeuratProject,22767,5058,33689,5124,0,0.729277319,0,0.135078184,0,0,0,0,0.018862343,0,0.116782154,302.0022507,278.6512931
TACGCCTCCATTCCGA-1,SeuratProject,41962,7589,36215,7556,0.184580808,0.011034243,0.084078217,0,0.654065326,0.027406057,0,0,0.038835348,0,0,298.7778423,188.5238779
TACTATGGTTCCTCAG-1,SeuratProject,43270,6707,35921,6685,0,0.951248821,0,0.001472036,0,0,0,0,0.001768024,0,0.045511119,340.2270922,176.6143695
TACTCTTTCGTCTTCA-1,SeuratProject,39280,6562,35892,6543,0.000860553,0.34180784,0,0,0.002173781,0,0,0.300711818,0.354446008,0,0,343.7115335,170.6336119
TACTGAACAGATTTAG-1,SeuratProject,39462,6727,35903,6710,0,0.774034865,0,0.08813954,0,0,0,0,0.110542467,0,0.027283127,350.576403,182.6471335
TAGATATGGACTGGAA-1,SeuratProject,36561,6715,35510,6700,0.257760735,0.19237752,0,0,0.02416207,0,0,0.294907131,0.178674165,0.026629215,0.025489163,319.4244574,224.6164493
TAGCTAGAAGGCATGA-1,SeuratProject,45494,7193,36003,7151,0.226762845,0.028483379,0.072073515,0,0.069683434,0,0,0.016630021,0.578890711,0.007476095,0,326.3413334,212.6549342
TAGCTAGTGATGATGG-1,SeuratProject,36054,6288,35288,6262,0,0.867601305,0,0.054045632,0,0,0,0,0.014935656,0,0.063417407,336.846664,158.6200904
TAGCTCGCCTGATAAC-1,SeuratProject,29109,5606,33725,5592,0.160765292,0.219699084,0.438063445,0,0,0,0,0,0.158449146,0.023023033,0,302.1582705,218.5836852
TAGGTGTTCCACAGAT-1,SeuratProject,40117,7358,36314,7324,0.001384074,0.030068525,0.000527849,0,0.001752095,0,0.966267457,0,0,0,0,295.3974142,158.5160772
TAGTAGCTTATACCAG-1,SeuratProject,23645,5216,33818,5256,0.006965276,0.345512715,0,0,0.009460545,0.005947506,0,0,0.632113958,0,0,354.1128509,152.6393328
TATACACAGACGCCTT-1,SeuratProject,37233,6855,35685,6832,0.120691936,0.065237312,0.180038236,0,0.29354732,0,0,0.007258671,0.022480596,0.000420949,0.310324979,295.2413944,218.5836852
TATCCGCACCGTCGGG-1,SeuratProject,44426,6855,36028,6829,0.767535663,0.17881737,0,0,0.007390874,0,0.015838143,0.000725006,0,0.029692944,0,319.5804771,164.5488413
TATCTACCACAGCGGG-1,SeuratProject,25280,5718,33518,5716,5.12E-05,0.118043581,0.860547254,0.002721576,0.001811237,0,0,0.014974133,0,0,0.001851018,295.1373812,266.6377715
TATTAACCTGACCGCG-1,SeuratProject,46997,6934,35845,6860,0.000265621,0.830146442,0,0.002489906,0,0,0,0,0.132474071,0,0.03462396,347.1439682,176.666376
TATTCCACTCAGCTCG-1,SeuratProject,29860,6476,33489,6453,0.010840812,0,0.775349045,0,0.213810142,0,0,0,0,0,0,305.5907052,224.6164493
TCAACATAGCGCCCTA-1,SeuratProject,52167,7113,35547,6864,0,0.78279351,0,0.005900634,0,0,0,0,0.202505901,0,0.008799956,350.6284096,170.6336119
TCAACGAGGAGACAAA-1,SeuratProject,29866,5927,33698,5918,0.026429869,0.69164692,3.69E-05,0.071700007,0,0,0,0.01501398,0.109737505,0,0.085434865,308.9191268,266.6897781
TCACAGCAAACTCGAA-1,SeuratProject,61783,7908,35792,6991,0.160564647,0.007550919,0.004443594,0,0.014003226,0,0,0.016018453,0.788547241,0.00887192,0,333.2582095,212.6549342
TCACAGGAGAATAAGA-1,SeuratProject,35077,6750,34983,6725,0.104830981,0.073036466,0.007922392,0,0.685717764,0,0.112991667,0,0,0.015500729,0,333.3102161,188.627891
TCACCCTCTTAAGATT-1,SeuratProject,26023,5921,33463,5920,0.105975086,0.029581305,0.011700942,0,0.003835389,0,0,0.54351724,0.086707845,0,0.218682193,298.6218226,248.5914859
TCAGTAGGGACTATAA-1,SeuratProject,34950,6120,34902,6102,0.001000344,0.886200463,0,0.005589055,0,0,0,0,0.017141807,0,0.090068331,336.6386377,242.7147415
TCCACCTCTAGCCTTT-1,SeuratProject,34651,6965,34655,6937,0.00303706,0.052215029,0,0,0.013158387,0,0.931589524,0,0,0,0,319.5804771,152.5353197
TCCAGGGTATATACGA-1,SeuratProject,48270,7917,36652,7739,0.00660408,0.040723843,0,0,0.010300409,0,0.942371668,0,0,0,0,285.0481033,152.4833131
TCCGACCGCTAATCAA-1,SeuratProject,692,391,33010,6998,0.017063402,0.918562655,0,0,0.004660361,0,0,0,0,0.059713581,0,378.4519336,98.65649554
TCCGCTTATCCCATTA-1,SeuratProject,28231,5886,33616,5871,0.170988107,0.171083285,0,0.036123569,0.279316441,0,0,0.109901682,0.001315378,0,0.231271537,281.4596488,218.5316786
TCCGGTTCGTCCGGTC-1,SeuratProject,36619,6593,35507,6572,0.125737179,0.015507746,0.591408869,0,0.241260485,0,0,0.000697806,0.01400134,0,0.011386575,319.4244574,212.6029277
TCCTAAATTGGGAAGC-1,SeuratProject,43356,6863,35939,6843,0.021950839,0.920032729,0,0,0,0,0,0,0.012798621,0,0.045217811,260.8130338,182.4391072
TCCTAACCGTCGGGCA-1,SeuratProject,26879,5854,33578,5842,0.002786228,0.025763641,0,0,0,0.878482169,0.073005862,0,0.019774449,0.000187651,0,343.7635401,146.6065688
TCGCAAAGATGCATTT-1,SeuratProject,8528,2808,33455,5115,0.005852732,0.947175086,0,0,0.021058158,0,0,0,0,0.025914024,0,243.3908272,236.4739511
TCGCCGAAGTTGCGTC-1,SeuratProject,926,509,33210,6899,0.013056718,0.93126665,0,0,0.010355213,0,0,0,0,0.045321419,0,374.6034462,248.7995122
TCGTCAAGTACGCGCA-1,SeuratProject,44604,6796,35864,6749,0.033018626,0.862211458,0,0,0.004378296,0.023659339,0,0,0.076732282,0,0,371.3270312,182.6991401
TCGTTAGGAGTCCCTA-1,SeuratProject,35613,6971,35217,6941,0.034781001,0,0.677097358,0,0.288121641,0,0,0,0,0,0,315.9920226,206.6221702
TCGTTGCTATCCGGTC-1,SeuratProject,40840,6593,35943,6574,0.084367523,0.644689343,0,0.003742877,0.01886566,0,0.012213144,0.101700166,0.134421288,0,0,343.6595269,194.6606551
TCTAGCATGCCCAGAA-1,SeuratProject,29748,5753,33779,5741,0.003140847,0.819706788,0,0.074841148,0,0,0,0,0.031234906,0,0.071076311,274.4907662,230.5452002
TGACTATAATCCTTTC-1,SeuratProject,24879,5414,33765,5429,0,0.55875459,0.17947812,0.212910533,0.018980218,0,0,0,0.017408865,0,0.012467675,267.5738901,242.5067152
TGAGCGGAAAGTGTTC-1,SeuratProject,34428,6182,34604,6171,0.456699839,0.362194361,0,0.002586709,0.032987366,0,0,0,0.04723863,0.036374031,0.061919065,278.0792207,188.4718713
TGAGGAGTGCCAGCTT-1,SeuratProject,33331,6365,34185,6353,0.44846419,0.07935413,0.002624899,0,0.365559912,0,0.050024841,0,0,0.053972028,0,302.2622836,170.5295988
TGAGTAAATTAGCGTA-1,SeuratProject,34979,6869,34928,6846,0.010272705,0,0.657437969,0,0.305074522,0,0,0,0.007670814,0,0.01954399,305.5386986,236.6299709
TGAGTGCCTCTTAAAT-1,SeuratProject,23190,4589,34090,4656,0.00095169,0.99642178,0,0,0,0,0,0,0,0,0.002626529,360.769694,248.7995122
TGATACATTTAGCCGT-1,SeuratProject,41582,6929,36014,6915,0.006671707,0.213581244,0,0,0.006960033,0,0,0,0.772787017,0,0,354.0088377,188.6798976
TGATTCTGTCGCCGGT-1,SeuratProject,43214,7060,36047,7039,0.046338802,0.58405199,0,0,0.037293012,0,0,0.059311006,0.256931984,0.016073206,0,350.4723898,230.7532265
TGCCAATGGGTACTCT-1,SeuratProject,43370,7115,36106,7087,0.485509008,0.113873051,0.021257255,0,0.226374061,0,0.005870708,0.009184258,0.13312959,0.004802068,0,322.9609053,194.6086486
TGCCAGTACGTGGAGA-1,SeuratProject,31181,5834,33890,5827,0,0.891038963,0,0.001769173,0,0,0,0,0.057422832,0,0.049769032,257.2765859,212.4469079
TGCCGTGGATCGTCCT-1,SeuratProject,42126,6753,36074,6733,0.4360282,0.17035825,0,0,0.250935456,0,0,0,0,0.142678094,0,284.9960968,176.5103563
TGCGACACCCTAGTGC-1,SeuratProject,35305,6234,35061,6222,0.00811214,0.832666473,0,0,0,0,0,0,0.042545301,0,0.116676086,343.5035071,242.7147415
TGCGAGAATATTACCC-1,SeuratProject,49533,6979,35669,6833,0,0.802325785,0,0.008444492,0,0,0,0,0.186549538,0,0.002680185,364.3061419,218.7397049
TGCGTAAGAACCTGAT-1,SeuratProject,38804,6014,35674,6002,0,1,0,0,0,0,0,0,0,0,0,353.8528179,260.7610272
TGCTCGGCGAAACCCA-1,SeuratProject,55112,7545,35839,7174,0.716415445,0.120100713,0,0,0.127501719,0,0,0.001182747,0,0.034799376,0,291.9129728,176.5103563
TGGCAGATTACGATCA-1,SeuratProject,24201,5654,33594,5656,0.029832838,0.465267976,0,0.016379771,0,0,0,0,0.076645522,0.002068702,0.409805191,302.0542573,254.62425
TGGCGACTGCTCCAAA-1,SeuratProject,41706,6847,36017,6829,0.250285571,0.616928163,0,0,0.027460412,0,0.035032054,0.01348843,0.042734489,0.014070881,0,340.2270922,188.627891
TGGCGATCAAGTTATG-1,SeuratProject,29159,6066,33572,6047,0.033458234,0,0.697602492,0,0.259943596,0,0,0,0.008995678,0,0,312.5075813,212.6029277
TGGTCCCACGCTACGG-1,SeuratProject,18593,4625,34149,4912,0.042605533,0.916263159,0,0,0.013961599,0.024748728,0,0,0,0.00242098,0,246.9272751,206.4141438
TGGTTCAACGGGTAAT-1,SeuratProject,10636,3332,33006,5003,0.005196799,0.180692317,0,0,0,0.806158884,0,0,0,0.007952,0,246.9272751,218.4276654
TGTGAGACTAGCCCAA-1,SeuratProject,40592,7272,36166,7255,0.314583336,0.041410934,0.007470524,0,0.278494069,0,0.310068092,0,0,0.047973045,0,285.0481033,164.4968347
TGTTCGTATTGCGGTG-1,SeuratProject,30326,6196,33648,6176,0.111643145,0.401667273,0.013531639,0,0.102533448,0,0,0,0.004816003,0.000870291,0.364938201,291.8089597,224.5644427
TTACCCTAGGGATTGG-1,SeuratProject,34486,6674,34596,6649,0.546558321,0.228108901,0.001649058,0,0.139659757,0,0.056184111,0,0,0.027839852,0,302.3142902,158.5160772
TTACTGGGATATTTCA-1,SeuratProject,25301,5603,33595,5603,0.032298742,0.664227318,0,0,0,0,0,0.001053,0.053998945,0,0.248421995,315.8880094,254.6762565
TTACTGTCTAGAGCTC-1,SeuratProject,37,30,31850,7507,0.007318286,0.904668407,0,0,0.008359862,0,0,0,0,0.079653445,0,104.8452794,404.2992073
TTAGAAGAACATGACT-1,SeuratProject,40500,6759,35955,6734,0.551444314,0.137102215,0,0.090417262,0.02212851,0,0,0,0,0.000738679,0.19816902,281.4596488,206.518157
TTAGAATAAGGGTCGG-1,SeuratProject,37884,6368,35657,6347,0,0.423049017,0,0.006355455,0.000666163,0,0,0,0.569929364,0,0,347.1959748,152.6393328
TTATGAATGAAAGGGA-1,SeuratProject,26712,5605,33694,5598,0.02226283,0.735422227,0,0.055576438,0,0,0,0.015499366,0.078623786,0,0.092615354,284.7360638,272.6185291
TTATTAGAGCGTGTTC-1,SeuratProject,21253,5342,33547,5433,0,0.361336241,0.00609468,0.008065455,0.034443048,0.014059379,0,0.123610481,0.428342563,0.024048153,0,260.657014,242.5067152
TTCACTCGAGCACCTA-1,SeuratProject,40966,6582,35915,6567,0,0.837206394,0,0.005129839,0,0,0,0,0.01223208,0,0.145431687,264.2454685,188.4718713
TTCCAATCTGGCTATC-1,SeuratProject,38763,6838,35888,6830,0,0.475427406,0,0,0,0,0,0,0.492536067,0.032036526,0,343.5555137,230.7012199
TTCCACACAGATTTGA-1,SeuratProject,37832,7081,35811,7056,0.077163889,0.130268237,0,0,0.613776461,0,0,0,0.168605497,0.010185916,0,343.6075203,218.6876983
TTCCGCGTGAGGCGAT-1,SeuratProject,21900,4866,33884,4971,0.008575441,0.892178041,0,0.00018385,0,0,0,0,0.049147464,0,0.049915204,281.3556357,242.5587218
TTCCGGCCTTGAGGCT-1,SeuratProject,35360,6427,35082,6411,0.121321636,0.38231931,0,0,0.024259537,0,0,0.01278974,0.015609358,0.443700418,0,350.576403,194.6606551
TTCGACAGAGCCCGTG-1,SeuratProject,27859,5460,33769,5454,0.003169926,0.757634386,0,0,0,0,0,0,0.067617699,0,0.171577989,267.6779033,206.4661504
TTCGCACTGTACGACA-1,SeuratProject,36964,7121,35676,7086,0.110406024,0.179784778,0,0,0.010268982,0,0.683568007,0,0,0.01597221,0,298.8818555,152.4833131
TTCGCGCGCCATACGA-1,SeuratProject,43837,7034,36012,7006,0,0.166555784,0,0,0.003159574,0,0,0.675278394,0.155006249,0,0,340.2790987,164.6008479
TTCGGGCGCTAGTCTT-1,SeuratProject,27144,5500,33777,5496,0.017018197,0.943096281,0,0,0.017750166,0,0,0,0,0.013670005,0.008465349,374.7594659,188.7319042
TTCTAGAAAGTCTTAT-1,SeuratProject,50972,6993,35566,6790,0,0.93005945,0,0,0,0,0,0,0.055150433,0,0.014790117,343.7635401,158.6200904
TTCTGCCGCGCCTAGA-1,SeuratProject,26398,5484,33657,5475,0,0.592626482,0.245577009,0,0,0,0,0.024309535,0.135337248,0,0.002149726,264.1414554,224.5124361
TTCTTGAGCCGCGCTA-1,SeuratProject,41764,6682,35921,6668,0.019808915,0.679945827,0,0.022628245,0,0,0,0,0.178470561,0,0.099146453,360.8217006,236.7859906
TTGACTACCATATGGT-1,SeuratProject,3475,1357,34299,6072,0.017858572,0.905435606,0,0,0.055259979,0,0,0,0,0.021445843,0,360.769694,260.8130338
TTGAGAGTACTGCTAA-1,SeuratProject,1174,618,33356,6805,0.011785161,0.942928776,0,0,0.013345739,0,0,0,0,0.031940324,0,371.1190048,254.8322763
TTGCACAATTCAGAAA-1,SeuratProject,36115,6437,35353,6420,0.014750652,0.54883411,0,0.012422291,0,0,0,0,0.067653164,0,0.356339783,305.486692,260.657014
TTGCGGCATCAGAAAG-1,SeuratProject,47466,7004,35885,6938,0.291010938,0.556853002,0,0,0.033728208,0,0,0.009339545,0.001582233,0.107486075,0,347.0919616,200.6934192
TTGCGTCGGCCAACCG-1,SeuratProject,36888,6456,35541,6437,0,0.953191891,0,0.001057212,0,0,0,0,0.020636085,0,0.025114812,360.8737072,212.7589474
TTGGATATCGTCTACG-1,SeuratProject,32717,6529,34015,6519,0.385406949,0.041681892,0.026158734,0.005709973,0.195981002,0,0,0,0.034193836,0.001606221,0.309261393,322.8568921,230.6492133
TTGGTCACACTCGTAA-1,SeuratProject,34593,6507,34653,6494,0.003318919,0.669446149,0,0.120022424,0,0,0,0,0.001215859,0.0272075,0.178789149,336.6386377,230.7012199
TTGTGTATGCCACCAA-1,SeuratProject,38737,6755,35879,6737,0.247304228,0.102289721,0.219637469,0,0.114881509,0.003224571,0,0.017058364,0.274240084,0.021364054,0,295.3454076,182.5431204
TTGTGTTTCCCGAAAG-1,SeuratProject,28944,6591,33358,6575,0.001533996,0,0.850048381,0,0.146934608,0,0,0,0.001483016,0,0,298.7258357,212.5509211
TTGTTTCACATCCAGG-1,SeuratProject,40452,6645,35908,6623,0,0.687191306,0,0.021261421,0,0,0,0,0.278215555,0,0.013331718,357.5452856,170.6856185
